<?xml version="1.0" encoding="UTF-8"?><rss version="2.0"
	xmlns:content="http://purl.org/rss/1.0/modules/content/"
	xmlns:dc="http://purl.org/dc/elements/1.1/"
	xmlns:atom="http://www.w3.org/2005/Atom"
	xmlns:sy="http://purl.org/rss/1.0/modules/syndication/"
	
	>
<channel>
	<title>
	Commentaires sur : Bicycle Helmet Blue	</title>
	<atom:link href="/product/bicycle-helmet-blue/feed/?simply_static_page=374" rel="self" type="application/rss+xml" />
	<link>/product/bicycle-helmet-blue/</link>
	<description></description>
	<lastBuildDate>Mon, 05 Apr 2021 07:46:04 +0000</lastBuildDate>
	<sy:updatePeriod>
	hourly	</sy:updatePeriod>
	<sy:updateFrequency>
	1	</sy:updateFrequency>
	<generator>https://wordpress.org/?v=6.1.1</generator>
</channel>
</rss>
