<?xml version="1.0" encoding="UTF-8"?><rss version="2.0"
	xmlns:content="http://purl.org/rss/1.0/modules/content/"
	xmlns:wfw="http://wellformedweb.org/CommentAPI/"
	xmlns:dc="http://purl.org/dc/elements/1.1/"
	xmlns:atom="http://www.w3.org/2005/Atom"
	xmlns:sy="http://purl.org/rss/1.0/modules/syndication/"
	xmlns:slash="http://purl.org/rss/1.0/modules/slash/"
	>

<channel>
	<title>Accessories &#8211; Site Essai</title>
	<atom:link href="/product-category/accessories/feed/?simply_static_page=367" rel="self" type="application/rss+xml" />
	<link></link>
	<description></description>
	<lastBuildDate>Mon, 05 Apr 2021 07:48:40 +0000</lastBuildDate>
	<language>fr-FR</language>
	<sy:updatePeriod>
	hourly	</sy:updatePeriod>
	<sy:updateFrequency>
	1	</sy:updateFrequency>
	<generator>https://wordpress.org/?v=6.1.1</generator>
	<item>
		<title>Bicycle Gloves Pink</title>
		<link>/product/bicycle-gloves-pink/</link>
					<comments>/product/bicycle-gloves-pink/#respond</comments>
		
		<dc:creator><![CDATA[Laurine2002]]></dc:creator>
		<pubDate>Mon, 05 Apr 2021 07:48:40 +0000</pubDate>
				<guid isPermaLink="false">/product/bicycle-gloves-pink/</guid>

					<description><![CDATA[Lorem ipsum dolor sit amet, consectetur adipiscing elit, sed do eiusmod tempor incididunt ut labore et dolore magna aliqua. Ut enim ad minim veniam, quis nostrud exercitation ullamco laboris nisi ut aliquip ex ea commodo consequat. ]]></description>
										<content:encoded><![CDATA[<p>Lorem ipsum dolor sit amet, consectetur adipiscing elit, sed do eiusmod tempor incididunt ut labore et dolore magna aliqua. Ut enim ad minim veniam, quis nostrud exercitation ullamco laboris nisi ut aliquip ex ea commodo consequat. Duis aute irure dolor in reprehenderit in voluptate velit esse cillum dolore eu fugiat nulla pariatur. Excepteur sint occaecat cupidatat non proident, sunt in culpa qui officia deserunt mollit anim id est laborum.</p>
]]></content:encoded>
					
					<wfw:commentRss>/product/bicycle-gloves-pink/feed/</wfw:commentRss>
			<slash:comments>0</slash:comments>
		
		
			</item>
		<item>
		<title>Bicycle Gloves Blue</title>
		<link>/product/bicycle-gloves-blue/</link>
					<comments>/product/bicycle-gloves-blue/#respond</comments>
		
		<dc:creator><![CDATA[Laurine2002]]></dc:creator>
		<pubDate>Mon, 05 Apr 2021 07:48:39 +0000</pubDate>
				<guid isPermaLink="false">/product/bicycle-gloves-blue/</guid>

					<description><![CDATA[Lorem ipsum dolor sit amet, consectetur adipiscing elit, sed do eiusmod tempor incididunt ut labore et dolore magna aliqua. Ut enim ad minim veniam, quis nostrud exercitation ullamco laboris nisi ut aliquip ex ea commodo consequat. ]]></description>
										<content:encoded><![CDATA[<p>Lorem ipsum dolor sit amet, consectetur adipiscing elit, sed do eiusmod tempor incididunt ut labore et dolore magna aliqua. Ut enim ad minim veniam, quis nostrud exercitation ullamco laboris nisi ut aliquip ex ea commodo consequat. Duis aute irure dolor in reprehenderit in voluptate velit esse cillum dolore eu fugiat nulla pariatur. Excepteur sint occaecat cupidatat non proident, sunt in culpa qui officia deserunt mollit anim id est laborum.</p>
]]></content:encoded>
					
					<wfw:commentRss>/product/bicycle-gloves-blue/feed/</wfw:commentRss>
			<slash:comments>0</slash:comments>
		
		
			</item>
		<item>
		<title>Bicycle Gloves Yellow</title>
		<link>/product/bicycle-gloves-yellow/</link>
					<comments>/product/bicycle-gloves-yellow/#respond</comments>
		
		<dc:creator><![CDATA[Laurine2002]]></dc:creator>
		<pubDate>Mon, 05 Apr 2021 07:48:36 +0000</pubDate>
				<guid isPermaLink="false">/product/bicycle-gloves-yellow/</guid>

					<description><![CDATA[Lorem ipsum dolor sit amet, consectetur adipiscing elit, sed do eiusmod tempor incididunt ut labore et dolore magna aliqua. Ut enim ad minim veniam, quis nostrud exercitation ullamco laboris nisi ut aliquip ex ea commodo consequat. ]]></description>
										<content:encoded><![CDATA[<p>Lorem ipsum dolor sit amet, consectetur adipiscing elit, sed do eiusmod tempor incididunt ut labore et dolore magna aliqua. Ut enim ad minim veniam, quis nostrud exercitation ullamco laboris nisi ut aliquip ex ea commodo consequat. Duis aute irure dolor in reprehenderit in voluptate velit esse cillum dolore eu fugiat nulla pariatur. Excepteur sint occaecat cupidatat non proident, sunt in culpa qui officia deserunt mollit anim id est laborum.</p>
]]></content:encoded>
					
					<wfw:commentRss>/product/bicycle-gloves-yellow/feed/</wfw:commentRss>
			<slash:comments>0</slash:comments>
		
		
			</item>
		<item>
		<title>Bicycle Helmet Sky Blue</title>
		<link>/product/bicycle-helmet-sky-blue/</link>
					<comments>/product/bicycle-helmet-sky-blue/#respond</comments>
		
		<dc:creator><![CDATA[Laurine2002]]></dc:creator>
		<pubDate>Mon, 05 Apr 2021 07:47:11 +0000</pubDate>
				<guid isPermaLink="false">/product/bicycle-helmet-sky-blue/</guid>

					<description><![CDATA[Lorem ipsum dolor sit amet, consectetur adipiscing elit, sed do eiusmod tempor incididunt ut labore et dolore magna aliqua. Ut enim ad minim veniam, quis nostrud exercitation ullamco laboris nisi ut aliquip ex ea commodo consequat. ]]></description>
										<content:encoded><![CDATA[<p>Lorem ipsum dolor sit amet, consectetur adipiscing elit, sed do eiusmod tempor incididunt ut labore et dolore magna aliqua. Ut enim ad minim veniam, quis nostrud exercitation ullamco laboris nisi ut aliquip ex ea commodo consequat. Duis aute irure dolor in reprehenderit in voluptate velit esse cillum dolore eu fugiat nulla pariatur. Excepteur sint occaecat cupidatat non proident, sunt in culpa qui officia deserunt mollit anim id est laborum.</p>
]]></content:encoded>
					
					<wfw:commentRss>/product/bicycle-helmet-sky-blue/feed/</wfw:commentRss>
			<slash:comments>0</slash:comments>
		
		
			</item>
		<item>
		<title>Bicycle Helmet Green</title>
		<link>/product/bicycle-helmet-green/</link>
					<comments>/product/bicycle-helmet-green/#respond</comments>
		
		<dc:creator><![CDATA[Laurine2002]]></dc:creator>
		<pubDate>Mon, 05 Apr 2021 07:46:40 +0000</pubDate>
				<guid isPermaLink="false">/product/bicycle-helmet-green/</guid>

					<description><![CDATA[Lorem ipsum dolor sit amet, consectetur adipiscing elit, sed do eiusmod tempor incididunt ut labore et dolore magna aliqua. Ut enim ad minim veniam, quis nostrud exercitation ullamco laboris nisi ut aliquip ex ea commodo consequat. ]]></description>
										<content:encoded><![CDATA[<p>Lorem ipsum dolor sit amet, consectetur adipiscing elit, sed do eiusmod tempor incididunt ut labore et dolore magna aliqua. Ut enim ad minim veniam, quis nostrud exercitation ullamco laboris nisi ut aliquip ex ea commodo consequat. Duis aute irure dolor in reprehenderit in voluptate velit esse cillum dolore eu fugiat nulla pariatur. Excepteur sint occaecat cupidatat non proident, sunt in culpa qui officia deserunt mollit anim id est laborum.</p>
]]></content:encoded>
					
					<wfw:commentRss>/product/bicycle-helmet-green/feed/</wfw:commentRss>
			<slash:comments>0</slash:comments>
		
		
			</item>
		<item>
		<title>Bicycle Helmet Blue</title>
		<link>/product/bicycle-helmet-blue/</link>
					<comments>/product/bicycle-helmet-blue/#respond</comments>
		
		<dc:creator><![CDATA[Laurine2002]]></dc:creator>
		<pubDate>Mon, 05 Apr 2021 07:46:04 +0000</pubDate>
				<guid isPermaLink="false">/product/bicycle-helmet-blue/</guid>

					<description><![CDATA[Lorem ipsum dolor sit amet, consectetur adipiscing elit, sed do eiusmod tempor incididunt ut labore et dolore magna aliqua. Ut enim ad minim veniam, quis nostrud exercitation ullamco laboris nisi ut aliquip ex ea commodo consequat. ]]></description>
										<content:encoded><![CDATA[<p>Lorem ipsum dolor sit amet, consectetur adipiscing elit, sed do eiusmod tempor incididunt ut labore et dolore magna aliqua. Ut enim ad minim veniam, quis nostrud exercitation ullamco laboris nisi ut aliquip ex ea commodo consequat. Duis aute irure dolor in reprehenderit in voluptate velit esse cillum dolore eu fugiat nulla pariatur. Excepteur sint occaecat cupidatat non proident, sunt in culpa qui officia deserunt mollit anim id est laborum.</p>
]]></content:encoded>
					
					<wfw:commentRss>/product/bicycle-helmet-blue/feed/</wfw:commentRss>
			<slash:comments>0</slash:comments>
		
		
			</item>
		<item>
		<title>Bicycle Helmet Red</title>
		<link>/product/bicycle-helmet-red/</link>
					<comments>/product/bicycle-helmet-red/#respond</comments>
		
		<dc:creator><![CDATA[Laurine2002]]></dc:creator>
		<pubDate>Wed, 24 Mar 2021 10:03:33 +0000</pubDate>
				<guid isPermaLink="false">/product/bicycle-helmet-red/</guid>

					<description><![CDATA[Lorem ipsum dolor sit amet, consectetur adipiscing elit, sed do eiusmod tempor incididunt ut labore et dolore magna aliqua. Ut enim ad minim veniam, quis nostrud exercitation ullamco laboris nisi ut aliquip ex ea commodo consequat. ]]></description>
										<content:encoded><![CDATA[<p>Lorem ipsum dolor sit amet, consectetur adipiscing elit, sed do eiusmod tempor incididunt ut labore et dolore magna aliqua. Ut enim ad minim veniam, quis nostrud exercitation ullamco laboris nisi ut aliquip ex ea commodo consequat. Duis aute irure dolor in reprehenderit in voluptate velit esse cillum dolore eu fugiat nulla pariatur. Excepteur sint occaecat cupidatat non proident, sunt in culpa qui officia deserunt mollit anim id est laborum.</p>
]]></content:encoded>
					
					<wfw:commentRss>/product/bicycle-helmet-red/feed/</wfw:commentRss>
			<slash:comments>0</slash:comments>
		
		
			</item>
		<item>
		<title>Bicycle Gloves Red</title>
		<link>/product/bicycle-gloves-red/</link>
					<comments>/product/bicycle-gloves-red/#respond</comments>
		
		<dc:creator><![CDATA[Laurine2002]]></dc:creator>
		<pubDate>Wed, 24 Mar 2021 10:00:35 +0000</pubDate>
				<guid isPermaLink="false">/product/bicycle-gloves-red/</guid>

					<description><![CDATA[Lorem ipsum dolor sit amet, consectetur adipiscing elit, sed do eiusmod tempor incididunt ut labore et dolore magna aliqua. Ut enim ad minim veniam, quis nostrud exercitation ullamco laboris nisi ut aliquip ex ea commodo consequat. ]]></description>
										<content:encoded><![CDATA[<p>Lorem ipsum dolor sit amet, consectetur adipiscing elit, sed do eiusmod tempor incididunt ut labore et dolore magna aliqua. Ut enim ad minim veniam, quis nostrud exercitation ullamco laboris nisi ut aliquip ex ea commodo consequat. Duis aute irure dolor in reprehenderit in voluptate velit esse cillum dolore eu fugiat nulla pariatur. Excepteur sint occaecat cupidatat non proident, sunt in culpa qui officia deserunt mollit anim id est laborum.</p>
]]></content:encoded>
					
					<wfw:commentRss>/product/bicycle-gloves-red/feed/</wfw:commentRss>
			<slash:comments>0</slash:comments>
		
		
			</item>
		<item>
		<title>Bicycle Helmet Pink</title>
		<link>/product/bicycle-helmet-pink/</link>
					<comments>/product/bicycle-helmet-pink/#respond</comments>
		
		<dc:creator><![CDATA[Laurine2002]]></dc:creator>
		<pubDate>Wed, 24 Mar 2021 09:57:06 +0000</pubDate>
				<guid isPermaLink="false">/product/bicycle-helmet-pink/</guid>

					<description><![CDATA[Lorem ipsum dolor sit amet, consectetur adipiscing elit, sed do eiusmod tempor incididunt ut labore et dolore magna aliqua. Ut enim ad minim veniam, quis nostrud exercitation ullamco laboris nisi ut aliquip ex ea commodo consequat. ]]></description>
										<content:encoded><![CDATA[<p>Lorem ipsum dolor sit amet, consectetur adipiscing elit, sed do eiusmod tempor incididunt ut labore et dolore magna aliqua. Ut enim ad minim veniam, quis nostrud exercitation ullamco laboris nisi ut aliquip ex ea commodo consequat. Duis aute irure dolor in reprehenderit in voluptate velit esse cillum dolore eu fugiat nulla pariatur. Excepteur sint occaecat cupidatat non proident, sunt in culpa qui officia deserunt mollit anim id est laborum.</p>
]]></content:encoded>
					
					<wfw:commentRss>/product/bicycle-helmet-pink/feed/</wfw:commentRss>
			<slash:comments>0</slash:comments>
		
		
			</item>
		<item>
		<title>Bicycle Gloves Gold</title>
		<link>/product/bicycle-gloves-gold/</link>
					<comments>/product/bicycle-gloves-gold/#respond</comments>
		
		<dc:creator><![CDATA[Laurine2002]]></dc:creator>
		<pubDate>Thu, 18 Mar 2021 14:03:22 +0000</pubDate>
				<guid isPermaLink="false">/product/bicycle-gloves-gold/</guid>

					<description><![CDATA[Lorem ipsum dolor sit amet, consectetur adipiscing elit, sed do eiusmod tempor incididunt ut labore et dolore magna aliqua. Ut enim ad minim veniam, quis nostrud exercitation ullamco laboris nisi ut aliquip ex ea commodo consequat. ]]></description>
										<content:encoded><![CDATA[<p>Lorem ipsum dolor sit amet, consectetur adipiscing elit, sed do eiusmod tempor incididunt ut labore et dolore magna aliqua. Ut enim ad minim veniam, quis nostrud exercitation ullamco laboris nisi ut aliquip ex ea commodo consequat. Duis aute irure dolor in reprehenderit in voluptate velit esse cillum dolore eu fugiat nulla pariatur. Excepteur sint occaecat cupidatat non proident, sunt in culpa qui officia deserunt mollit anim id est laborum.</p>
]]></content:encoded>
					
					<wfw:commentRss>/product/bicycle-gloves-gold/feed/</wfw:commentRss>
			<slash:comments>0</slash:comments>
		
		
			</item>
	</channel>
</rss>
