<?xml version="1.0" encoding="UTF-8"?><rss version="2.0"
	xmlns:content="http://purl.org/rss/1.0/modules/content/"
	xmlns:dc="http://purl.org/dc/elements/1.1/"
	xmlns:atom="http://www.w3.org/2005/Atom"
	xmlns:sy="http://purl.org/rss/1.0/modules/syndication/"
	
	>
<channel>
	<title>
	Commentaires sur : Kryo X26 MTB &#8211; Model K	</title>
	<atom:link href="/product/kryo-x26-mtb-model-k/feed/?simply_static_page=300" rel="self" type="application/rss+xml" />
	<link>/product/kryo-x26-mtb-model-k/</link>
	<description></description>
	<lastBuildDate>Thu, 18 Mar 2021 14:06:01 +0000</lastBuildDate>
	<sy:updatePeriod>
	hourly	</sy:updatePeriod>
	<sy:updateFrequency>
	1	</sy:updateFrequency>
	<generator>https://wordpress.org/?v=6.1.1</generator>
</channel>
</rss>
