<?xml version="1.0" encoding="UTF-8"?><rss version="2.0"
	xmlns:content="http://purl.org/rss/1.0/modules/content/"
	xmlns:wfw="http://wellformedweb.org/CommentAPI/"
	xmlns:dc="http://purl.org/dc/elements/1.1/"
	xmlns:atom="http://www.w3.org/2005/Atom"
	xmlns:sy="http://purl.org/rss/1.0/modules/syndication/"
	xmlns:slash="http://purl.org/rss/1.0/modules/slash/"
	>

<channel>
	<title>Bicycles &#8211; Site Essai</title>
	<atom:link href="/product-category/bicycles/feed/?simply_static_page=369" rel="self" type="application/rss+xml" />
	<link></link>
	<description></description>
	<lastBuildDate>Thu, 18 Mar 2021 14:06:01 +0000</lastBuildDate>
	<language>fr-FR</language>
	<sy:updatePeriod>
	hourly	</sy:updatePeriod>
	<sy:updateFrequency>
	1	</sy:updateFrequency>
	<generator>https://wordpress.org/?v=6.1.1</generator>
	<item>
		<title>Kryo X26 MTB &#8211; Model K</title>
		<link>/product/kryo-x26-mtb-model-k/</link>
					<comments>/product/kryo-x26-mtb-model-k/#respond</comments>
		
		<dc:creator><![CDATA[Laurine2002]]></dc:creator>
		<pubDate>Thu, 18 Mar 2021 14:06:01 +0000</pubDate>
				<guid isPermaLink="false">/product/kryo-x26-mtb-model-k/</guid>

					<description><![CDATA[Lorem ipsum dolor sit amet, consectetur adipiscing elit, sed do eiusmod tempor incididunt ut labore et dolore magna aliqua. Ut enim ad minim veniam, quis nostrud exercitation ullamco laboris nisi ut aliquip ex ea commodo consequat. ]]></description>
										<content:encoded><![CDATA[<p>Lorem ipsum dolor sit amet, consectetur adipiscing elit, sed do eiusmod tempor incididunt ut labore et dolore magna aliqua. Ut enim ad minim veniam, quis nostrud exercitation ullamco laboris nisi ut aliquip ex ea commodo consequat. Duis aute irure dolor in reprehenderit in voluptate velit esse cillum dolore eu fugiat nulla pariatur. Excepteur sint occaecat cupidatat non proident, sunt in culpa qui officia deserunt mollit anim id est laborum.</p>
]]></content:encoded>
					
					<wfw:commentRss>/product/kryo-x26-mtb-model-k/feed/</wfw:commentRss>
			<slash:comments>0</slash:comments>
		
		
			</item>
		<item>
		<title>Kryo X26 MTB &#8211; Model Y</title>
		<link>/product/kryo-x26-mtb-model-y/</link>
					<comments>/product/kryo-x26-mtb-model-y/#respond</comments>
		
		<dc:creator><![CDATA[Laurine2002]]></dc:creator>
		<pubDate>Thu, 18 Mar 2021 14:01:34 +0000</pubDate>
				<guid isPermaLink="false">/product/kryo-x26-mtb-model-y/</guid>

					<description><![CDATA[Lorem ipsum dolor sit amet, consectetur adipiscing elit, sed do eiusmod tempor incididunt ut labore et dolore magna aliqua. Ut enim ad minim veniam, quis nostrud exercitation ullamco laboris nisi ut aliquip ex ea commodo consequat. ]]></description>
										<content:encoded><![CDATA[<p>Lorem ipsum dolor sit amet, consectetur adipiscing elit, sed do eiusmod tempor incididunt ut labore et dolore magna aliqua. Ut enim ad minim veniam, quis nostrud exercitation ullamco laboris nisi ut aliquip ex ea commodo consequat. Duis aute irure dolor in reprehenderit in voluptate velit esse cillum dolore eu fugiat nulla pariatur. Excepteur sint occaecat cupidatat non proident, sunt in culpa qui officia deserunt mollit anim id est laborum.</p>
]]></content:encoded>
					
					<wfw:commentRss>/product/kryo-x26-mtb-model-y/feed/</wfw:commentRss>
			<slash:comments>0</slash:comments>
		
		
			</item>
		<item>
		<title>Kryo X26 MTB &#8211; Model Z</title>
		<link>/product/kryo-x26-mtb-model-z/</link>
					<comments>/product/kryo-x26-mtb-model-z/#respond</comments>
		
		<dc:creator><![CDATA[Laurine2002]]></dc:creator>
		<pubDate>Thu, 18 Mar 2021 14:01:09 +0000</pubDate>
				<guid isPermaLink="false">/product/kryo-x26-mtb-model-z/</guid>

					<description><![CDATA[Lorem ipsum dolor sit amet, consectetur adipiscing elit, sed do eiusmod tempor incididunt ut labore et dolore magna aliqua. Ut enim ad minim veniam, quis nostrud exercitation ullamco laboris nisi ut aliquip ex ea commodo consequat. ]]></description>
										<content:encoded><![CDATA[<p>Lorem ipsum dolor sit amet, consectetur adipiscing elit, sed do eiusmod tempor incididunt ut labore et dolore magna aliqua. Ut enim ad minim veniam, quis nostrud exercitation ullamco laboris nisi ut aliquip ex ea commodo consequat. Duis aute irure dolor in reprehenderit in voluptate velit esse cillum dolore eu fugiat nulla pariatur. Excepteur sint occaecat cupidatat non proident, sunt in culpa qui officia deserunt mollit anim id est laborum.</p>
]]></content:encoded>
					
					<wfw:commentRss>/product/kryo-x26-mtb-model-z/feed/</wfw:commentRss>
			<slash:comments>0</slash:comments>
		
		
			</item>
		<item>
		<title>Kryo X26 MTB &#8211; Model X</title>
		<link>/product/kryo-x26-mtb-model-x/</link>
					<comments>/product/kryo-x26-mtb-model-x/#respond</comments>
		
		<dc:creator><![CDATA[Laurine2002]]></dc:creator>
		<pubDate>Wed, 17 Mar 2021 11:45:31 +0000</pubDate>
				<guid isPermaLink="false">/product/kryo-x26-mtb-model-x/</guid>

					<description><![CDATA[Lorem ipsum dolor sit amet, consectetur adipiscing elit, sed do eiusmod tempor incididunt ut labore et dolore magna aliqua. Ut enim ad minim veniam, quis nostrud exercitation ullamco laboris nisi ut aliquip ex ea commodo consequat. ]]></description>
										<content:encoded><![CDATA[<p>Lorem ipsum dolor sit amet, consectetur adipiscing elit, sed do eiusmod tempor incididunt ut labore et dolore magna aliqua. Ut enim ad minim veniam, quis nostrud exercitation ullamco laboris nisi ut aliquip ex ea commodo consequat. Duis aute irure dolor in reprehenderit in voluptate velit esse cillum dolore eu fugiat nulla pariatur. Excepteur sint occaecat cupidatat non proident, sunt in culpa qui officia deserunt mollit anim id est laborum.</p>
]]></content:encoded>
					
					<wfw:commentRss>/product/kryo-x26-mtb-model-x/feed/</wfw:commentRss>
			<slash:comments>0</slash:comments>
		
		
			</item>
	</channel>
</rss>
