<?xml version="1.0" encoding="UTF-8"?><rss version="2.0"
	xmlns:content="http://purl.org/rss/1.0/modules/content/"
	xmlns:wfw="http://wellformedweb.org/CommentAPI/"
	xmlns:dc="http://purl.org/dc/elements/1.1/"
	xmlns:atom="http://www.w3.org/2005/Atom"
	xmlns:sy="http://purl.org/rss/1.0/modules/syndication/"
	xmlns:slash="http://purl.org/rss/1.0/modules/slash/"
	>

<channel>
	<title>Non classé &#8211; Site Essai</title>
	<atom:link href="/category/non-classe/feed/?simply_static_page=399" rel="self" type="application/rss+xml" />
	<link></link>
	<description></description>
	<lastBuildDate>Wed, 11 Jan 2023 14:18:54 +0000</lastBuildDate>
	<language>fr-FR</language>
	<sy:updatePeriod>
	hourly	</sy:updatePeriod>
	<sy:updateFrequency>
	1	</sy:updateFrequency>
	<generator>https://wordpress.org/?v=6.1.1</generator>
	<item>
		<title>Bonjour tout le monde !</title>
		<link>/2023/01/11/bonjour-tout-le-monde/</link>
					<comments>/2023/01/11/bonjour-tout-le-monde/#comments</comments>
		
		<dc:creator><![CDATA[Laurine2002]]></dc:creator>
		<pubDate>Wed, 11 Jan 2023 14:18:54 +0000</pubDate>
				<category><![CDATA[Non classé]]></category>
		<guid isPermaLink="false">/?p=1</guid>

					<description><![CDATA[Bienvenue sur WordPress. Ceci est votre premier article. Modifiez-le ou supprimez-le, puis commencez à écrire !]]></description>
										<content:encoded><![CDATA[
<p>Bienvenue sur WordPress. Ceci est votre premier article. Modifiez-le ou supprimez-le, puis commencez à écrire !</p>
]]></content:encoded>
					
					<wfw:commentRss>/2023/01/11/bonjour-tout-le-monde/feed/</wfw:commentRss>
			<slash:comments>1</slash:comments>
		
		
			</item>
	</channel>
</rss>
